idUtenti,nome,cognome,email,password
7,CIAO,REGFG,"v nf",39f119842ebe582f049160f44bcd99f4
12,ciao,ciao,xci,d41d8cd98f00b204e9800998ecf8427e
13,ciao,ciao,ciao,d41d8cd98f00b204e9800998ecf8427e
14,prova,fksgm,,d41d8cd98f00b204e9800998ecf8427e
15,ciao,ciao,prova@dlfkj.co,6e6bc4e49dd477ebc98ef4046c067b5f
29,ciao,ciao,giulia@gmail.it,202cb962ac59075b964b07152d234b70
31,ciao,ciao,ciao@viao.cipo,202cb962ac59075b964b07152d234b70
36,ciao,cdiqo,kewrn@ksdgfj.cpd,202cb962ac59075b964b07152d234b70
39,ciao,ciao,kdfjs@ksdfj.com,202cb962ac59075b964b07152d234b70
43,ciao2,ciao,dd.kmf@dskfjn.cvl,202cb962ac59075b964b07152d234b70
44,giulia,giulia,dia@dfkj.com,202cb962ac59075b964b07152d234b70
46,giulia,giulia,JDSGF.DKFJ@FJ.CPOM,202cb962ac59075b964b07152d234b70
47,ciao,ciao,giuli.dlkf@dsfkj.cpm,f6122c971aeb03476bf01623b09ddfd4
50,123,23\,gfkj@kfw.dfw,202cb962ac59075b964b07152d234b70
51,giulia,scalaberni,scalaberni.giulia@gmail.com,81dc9bdb52d04dc20036dbd8313ed055
53,mario,rossi,m.r@mr.it,7815696ecbf1c96e6894b779456d330e
54,giulia,scalaberni,giulia@giulia.com,202cb962ac59075b964b07152d234b70
55,Yuri,Condrelli,yuri.condrelli@mail.com,202cb962ac59075b964b07152d234b70
57,ciao,scalaberni,ciao@ciao.it,93983b63011592df01266290117087b6
